player_id,name,team,next_opponent,position,chance_of_play,cost,selection_pct,ave_pts,lgbm_pred,fastai_pred
1,Mesut Özil,Arsenal,Man Utd,MID,0.0,68,0.7,0.0,0.3637434983163549,-0.4204167425632477
2,Sokratis Papastathopoulos,Arsenal,Man Utd,DEF,0.0,49,0.1,0.0,0.22016352428001953,-0.5486021041870117
3,David Luiz Moreira Marinho,Arsenal,Man Utd,DEF,75.0,55,1.1,1.4,1.5006905732008071,1.5961894989013672
4,Pierre-Emerick Aubameyang,Arsenal,Man Utd,MID,100.0,117,15.1,3.3,3.4662144703696303,2.944016695022583
5,Cédric Soares,Arsenal,Man Utd,DEF,100.0,47,0.2,0.0,0.29896256838378676,-0.5143235921859741
6,Alexandre Lacazette,Arsenal,Man Utd,FWD,,84,3.7,4.6,3.025910347072661,2.7728030681610107
7,Shkodran Mustafi,Arsenal,Man Utd,DEF,100.0,50,0.0,1.0,1.0035130562294527,0.17871618270874023
8,Bernd Leno,Arsenal,Man Utd,GK,,50,9.3,3.2,3.3601105091009384,2.9374866485595703
9,Granit Xhaka,Arsenal,Man Utd,MID,,54,0.6,1.7,2.121879592057597,1.8329155445098877
10,Pablo Marí,Arsenal,Man Utd,DEF,0.0,44,0.0,0.0,0.14540500840623855,-0.5632717609405518
11,Héctor Bellerín,Arsenal,Man Utd,DEF,,50,5.9,3.5,2.192526502355036,2.7389464378356934
13,Calum Chambers,Arsenal,Man Utd,DEF,25.0,45,0.0,0.0,0.16576689883322882,-0.5626556873321533
14,Sead Kolasinac,Arsenal,Man Utd,DEF,,48,0.2,2.0,0.3193443735821456,-0.5223616361618042
15,Ainsley Maitland-Niles,Arsenal,Man Utd,DEF,,49,1.3,2.7,0.6114960828261621,-0.29419687390327454
16,Rob Holding,Arsenal,Man Utd,DEF,0.0,45,1.5,3.0,0.4941797807744412,-0.1371304988861084
17,Kieran Tierney,Arsenal,Man Utd,DEF,100.0,54,5.4,2.6,2.5677098751380996,2.5374362468719482
18,Nicolas Pépé,Arsenal,Man Utd,MID,,77,0.9,2.0,1.719440643298722,1.1479206085205078
19,Lucas Torreira,Arsenal,Man Utd,MID,0.0,47,0.1,0.0,0.25454603640941115,-0.5133223533630371
20,Joseph Willock,Arsenal,Man Utd,MID,,48,0.1,0.0,0.2251851324128384,-0.532455563545227
21,Reiss Nelson,Arsenal,Man Utd,MID,100.0,52,0.1,0.0,0.2140483650574996,-0.538301944732666
22,Edward Nketiah,Arsenal,Man Utd,FWD,,57,0.7,2.2,1.0928604072440837,0.08276528120040894
23,Emile Smith Rowe,Arsenal,Man Utd,MID,100.0,44,0.2,0.0,0.21116479446373124,-0.4941770136356354
24,Bukayo Saka,Arsenal,Man Utd,MID,75.0,53,2.9,3.8,3.256499279083069,3.299466371536255
25,Matteo Guendouzi,Arsenal,Man Utd,MID,0.0,47,0.1,0.0,0.2509050864627689,-0.5230133533477783
26,Gabriel Teodoro Martinelli Silva,Arsenal,Man Utd,MID,0.0,49,0.0,0.0,0.16802322923301413,-0.544615626335144
27,William Saliba,Arsenal,Man Utd,DEF,,42,0.9,0.0,0.41639601376131224,-0.28719362616539
478,Willian Borges Da Silva,Arsenal,Man Utd,MID,75.0,78,5.9,4.4,1.921275391800875,1.0561131238937378
494,Gabriel Magalhães,Arsenal,Man Utd,DEF,,51,11.7,4.6,2.904284792155247,3.235712766647339
501,Daniel Ceballos Fernández,Arsenal,Man Utd,MID,100.0,50,1.6,2.7,2.4209154583727837,2.4745981693267822
526,Mohamed Naser El Sayed Elneny,Arsenal,Man Utd,MID,,44,1.5,2.3,0.7062634287444185,0.05598733574151993
527,Matt Macey,Arsenal,Man Utd,GK,,40,1.2,0.0,0.36504953859751554,-0.3525294363498688
547,Rúnar Alex Rúnarsson,Arsenal,Man Utd,GK,,45,0.0,0.0,0.10562855609101802,-0.5452713966369629
567,Thomas Partey,Arsenal,Man Utd,MID,,50,0.8,1.0,2.004309577319591,1.5569075345993042
12,Emiliano Martínez,Aston Villa,Southampton,GK,,48,26.5,6.8,4.288504395132527,2.816650152206421
28,Tom Heaton,Aston Villa,Southampton,GK,0.0,45,0.0,0.0,0.11360826014884626,-0.3137178421020508
29,Ahmed El Mohamady,Aston Villa,Southampton,DEF,,44,0.3,1.0,0.8316761600814583,-0.22249367833137512
30,Henri Lansbury,Aston Villa,Southampton,MID,0.0,44,0.2,0.0,0.3205362867185942,-0.2880120873451233
31,Neil Taylor,Aston Villa,Southampton,DEF,,44,0.2,0.0,0.3763571012795433,-0.300169974565506
32,Jed Steer,Aston Villa,Southampton,GK,,40,5.6,0.0,0.25804484114626014,0.16068872809410095
33,Conor Hourihane,Aston Villa,Southampton,MID,,60,0.2,8.5,0.3482029829424529,-0.27925851941108704
34,José Ignacio Peleteiro Romallo,Aston Villa,Southampton,MID,0.0,59,0.1,0.0,0.25082273383452375,-0.30312082171440125
35,Ørjan Nyland,Aston Villa,Southampton,GK,0.0,40,9.8,0.0,0.42900714550027846,0.428612619638443
36,Bjorn Engels,Aston Villa,Southampton,DEF,100.0,44,0.1,0.0,0.2121391253666252,-0.3285578787326813
37,Jack Grealish,Aston Villa,Southampton,MID,,73,28.0,7.8,5.778999600677991,3.993286371231079
38,John McGinn,Aston Villa,Southampton,MID,,55,2.7,5.8,2.9879729876488614,2.350999593734741
39,Kortney Hause,Aston Villa,Southampton,DEF,0.0,44,0.0,0.0,0.2116311021946157,-0.32998672127723694
40,Mahmoud Ahmed Ibrahim Hassan,Aston Villa,Southampton,MID,,54,1.0,3.2,3.4644574834858166,2.1742770671844482
41,Tyrone Mings,Aston Villa,Southampton,DEF,,52,10.1,6.0,2.5012559962083207,1.405226707458496
42,Matt Targett,Aston Villa,Southampton,DEF,,45,1.8,3.6,2.4898228631015153,2.0192646980285645
43,James Bree,Aston Villa,Southampton,DEF,0.0,45,0.0,0.0,0.1157499355051839,-0.33804383873939514
44,Marvelous Nakamba,Aston Villa,Southampton,MID,,44,0.4,0.5,1.1924954777544046,-0.24224784970283508
45,Anwar El Ghazi,Aston Villa,Southampton,MID,,58,0.1,0.0,0.26245361406434764,-0.30076050758361816
46,Ezri Konsa Ngoyo,Aston Villa,Southampton,DEF,,47,8.0,5.8,2.752920958000501,1.6823651790618896
47,Frédéric Guilbert,Aston Villa,Southampton,DEF,,44,0.1,0.0,0.235627890374999,-0.32571688294410706
48,Wesley Moraes,Aston Villa,Southampton,FWD,0.0,60,0.0,0.0,0.1668066351135589,-0.31214794516563416
49,Mbwana Samatta,Aston Villa,Southampton,FWD,0.0,59,0.0,0.0,0.15189521437679104,-0.30006569623947144
50,Keinan Davis,Aston Villa,Southampton,FWD,100.0,44,9.1,1.0,0.5982680810930021,0.5796854496002197
51,Indiana Vassilev,Aston Villa,Southampton,FWD,0.0,44,0.9,0.0,0.41149393073756396,-0.07860103249549866
52,Douglas Luiz Soares de Paulo,Aston Villa,Southampton,MID,,50,0.3,2.2,2.347660960141388,2.003997802734375
106,Ross Barkley,Aston Villa,Southampton,MID,,60,4.3,4.4,4.044893127791303,2.191288709640503
496,Matthew Cash,Aston Villa,Southampton,DEF,,50,0.7,3.8,2.235679557063636,1.6926536560058594
514,Ollie Watkins,Aston Villa,Southampton,FWD,,60,4.8,5.4,5.658035505875659,3.4277405738830566
540,Bertrand Traoré,Aston Villa,Southampton,MID,100.0,59,0.0,1.0,1.7105879135429705,0.6057628393173218
554,Jacob Ramsey,Aston Villa,Southampton,MID,,45,0.1,1.0,0.1980192592115994,-0.31303223967552185
53,Glenn Murray,Brighton,Spurs,FWD,0.0,49,0.1,0.0,0.12433800105968912,-0.1732630729675293
54,Adam Lallana,Brighton,Spurs,MID,100.0,63,0.5,1.7,1.6256868647908205,1.793929934501648
57,Pascal Groß,Brighton,Spurs,MID,,58,0.1,1.0,1.2385393625793568,0.65867018699646
58,Shane Duffy,Brighton,Spurs,DEF,0.0,44,0.0,0.0,0.051951936096278496,-0.21153175830841064
59,Davy Pröpper,Brighton,Spurs,MID,100.0,48,0.0,0.0,0.11166636144687006,-0.191960871219635
60,Aaron Mooy,Brighton,Spurs,MID,0.0,50,0.0,0.0,0.031123019726451276,-0.19692105054855347
61,Dan Burn,Brighton,Spurs,DEF,,44,0.4,1.7,1.604938703487884,1.8112993240356445
62,Lewis Dunk,Brighton,Spurs,DEF,0.0,49,3.7,1.0,1.3591554366673828,0.5185035467147827
63,Martín Montoya,Brighton,Spurs,DEF,0.0,45,0.0,0.0,0.03950614117308996,-0.21551397442817688
64,Florin Andone,Brighton,Spurs,FWD,0.0,48,0.1,0.0,0.12813339699439685,-0.17706236243247986
65,Solomon March,Brighton,Spurs,MID,,50,1.2,4.0,2.3839595695516307,1.2324917316436768
66,Adam Webster,Brighton,Spurs,DEF,,45,2.0,1.8,1.7846266690262198,1.3605942726135254
67,Joël Veltman,Brighton,Spurs,DEF,,43,0.2,1.0,1.416122523521024,0.8577371835708618
68,Neal Maupay,Brighton,Spurs,FWD,,66,6.3,6.0,2.7319407145191006,2.4277596473693848
69,Leandro Trossard,Brighton,Spurs,MID,,60,2.2,4.2,2.3559263588146653,1.390299916267395
70,Mathew Ryan,Brighton,Spurs,GK,,45,15.2,1.8,2.427632106671014,2.725816249847412
71,Alireza Jahanbakhsh,Brighton,Spurs,MID,25.0,54,0.0,1.7,0.10733075096007222,-0.19265779852867126
72,José Izquierdo,Brighton,Spurs,MID,0.0,55,0.0,0.0,0.06458530728109217,-0.19818979501724243
73,Matthew Clarke,Brighton,Spurs,DEF,0.0,44,0.0,0.0,0.004187258569617292,-0.2159605324268341
74,Ben White,Brighton,Spurs,DEF,100.0,45,1.4,1.8,1.6385342459245626,1.2779138088226318
75,Bernardo Fernandes da Silva Junior,Brighton,Spurs,DEF,,40,8.4,0.0,0.2722393066982022,0.42475950717926025
76,Yves Bissouma,Brighton,Spurs,MID,100.0,45,3.8,2.8,2.3813554049511008,1.6144407987594604
77,Tariq Lamptey,Brighton,Spurs,DEF,100.0,47,11.3,2.3,2.0720440891776875,2.7919976711273193
78,Aaron Connolly,Brighton,Spurs,FWD,100.0,55,0.6,3.4,0.9207910286714496,0.12110158801078796
79,Steven Alzate,Brighton,Spurs,MID,,45,1.1,1.8,0.8931633174743518,0.29725298285484314
80,Alexis Mac Allister,Brighton,Spurs,MID,100.0,53,0.1,5.0,0.9723627431896507,0.6154654026031494
503,Christian Walton,Brighton,Spurs,GK,75.0,40,1.2,0.0,0.12651974937055804,-0.09203743934631348
528,Jason Steele,Brighton,Spurs,GK,,40,0.8,0.0,0.02870275045143607,-0.10564813017845154
550,Jayson Molumby,Brighton,Spurs,MID,,45,0.0,0.0,0.06624722661148623,-0.19655156135559082
574,Andi Zeqiri,Brighton,Spurs,FWD,,50,0.0,0.0,0.05483504884819434,-0.23036262392997742
588,Danny Welbeck,Brighton,Spurs,FWD,100.0,55,0.0,0.0,0.322421484166193,-0.19580623507499695
55,Dale Stephens,Burnley,Chelsea,MID,100.0,44,7.8,2.0,0.7091126705462933,0.12415850162506104
81,James Tarkowski,Burnley,Chelsea,DEF,100.0,54,2.7,2.7,2.704931483257351,2.304375410079956
82,Phil Bardsley,Burnley,Chelsea,DEF,50.0,45,0.3,0.3,0.5837233775545061,-0.17028358578681946
83,Erik Pieters,Burnley,Chelsea,DEF,50.0,44,0.6,2.0,0.8714212928538718,0.8222780227661133
84,Jack Cork,Burnley,Chelsea,MID,0.0,50,0.0,0.0,0.09062694726025763,-0.2529492676258087
85,Kevin Long,Burnley,Chelsea,DEF,100.0,45,0.2,2.2,1.7432772186370245,1.716220736503601
86,Jay Rodriguez,Burnley,Chelsea,FWD,100.0,59,0.3,1.0,0.7950717043487803,-0.006960958242416382
87,Ashley Barnes,Burnley,Chelsea,FWD,100.0,60,0.1,1.7,2.4562271912739475,1.80159330368042
88,Ben Mee,Burnley,Chelsea,DEF,0.0,49,0.1,0.0,0.23573753386069018,-0.25667604804039
89,Ashley Westwood,Burnley,Chelsea,MID,,54,0.5,3.2,3.0027552389882324,1.7574241161346436
90,Johann Berg Gudmundsson,Burnley,Chelsea,MID,100.0,54,0.0,2.0,2.1559333560631027,1.6274467706680298
91,Chris Wood,Burnley,Chelsea,FWD,,63,1.3,2.8,2.7385939235017474,2.2198355197906494
92,Matthew Lowton,Burnley,Chelsea,DEF,100.0,44,0.1,2.0,1.3949919814192726,0.7844645977020264
93,Matej Vydra,Burnley,Chelsea,FWD,,50,0.8,1.2,0.6239715861273265,-0.15933480858802795
94,Ben Gibson,Burnley,Chelsea,DEF,0.0,40,0.2,0.0,0.24575484715176038,-0.25395604968070984
95,Robbie Brady,Burnley,Chelsea,MID,100.0,50,0.0,1.0,0.5680702859359367,-0.08646363019943237
96,Nick Pope,Burnley,Chelsea,GK,,55,11.5,3.4,2.896607734020612,2.5240471363067627
97,Charlie Taylor,Burnley,Chelsea,DEF,,45,3.5,2.6,2.247773996439705,1.9057166576385498
98,Josh Brownhill,Burnley,Chelsea,MID,,50,0.0,2.0,1.9117308368257169,1.6372578144073486
99,Bailey Peacock-Farrell,Burnley,Chelsea,GK,100.0,40,1.4,0.0,0.12868499532117325,-0.22242239117622375
100,Dwight McNeil,Burnley,Chelsea,MID,,59,0.5,2.6,2.5559361707080663,1.7689952850341797
519,Jimmy Dunne,Burnley,Chelsea,DEF,,41,7.8,4.0,0.09908642473061839,-0.1851218044757843
520,Bobby Thomas,Burnley,Chelsea,DEF,,40,0.6,0.0,0.22803410853959905,-0.249943345785141
535,Josh Benson,Burnley,Chelsea,MID,,45,0.0,0.0,0.09459075052572175,-0.2530830204486847
536,Anthony Driscoll-Glennon,Burnley,Chelsea,DEF,,40,0.1,0.0,0.10977978319902608,-0.2677565813064575
551,Mace Goodridge,Burnley,Chelsea,MID,,45,0.0,0.0,0.0798488853436171,-0.25347527861595154
583,Will Norris,Burnley,Chelsea,GK,,40,0.0,0.0,0.025100489386106685,-0.1247272789478302
101,Willy Caballero,Chelsea,Burnley,GK,,48,0.3,1.0,0.26889575958125794,-0.019226476550102234
102,César Azpilicueta,Chelsea,Burnley,DEF,,59,4.2,3.4,3.1649527020561763,3.0426437854766846
103,Olivier Giroud,Chelsea,Burnley,FWD,,67,0.7,1.0,0.44201581367565623,0.08614517748355865
104,Marcos Alonso,Chelsea,Burnley,DEF,,58,2.0,0.7,0.8873908343266373,0.39046144485473633
105,Jorge Luiz Frello Filho,Chelsea,Burnley,MID,100.0,53,13.4,7.0,4.194776935284526,4.328586578369141
107,Mateo Kovacic,Chelsea,Burnley,MID,100.0,54,0.3,1.3,0.5616927023722029,0.048305243253707886
109,Antonio Rüdiger,Chelsea,Burnley,DEF,,46,0.8,0.0,0.545028789121049,0.1523130238056183
110,Kurt Zouma,Chelsea,Burnley,DEF,,51,5.6,6.4,3.726625015410403,3.585278272628784
111,Emerson Palmieri dos Santos,Chelsea,Burnley,DEF,,48,0.2,0.0,0.30225612734964846,-0.05768904089927673
112,Kepa Arrizabalaga,Chelsea,Burnley,GK,0.0,48,0.9,2.0,1.1032136680365419,1.1059772968292236
113,N'Golo Kanté,Chelsea,Burnley,MID,100.0,49,3.3,2.2,2.813090934625564,2.6993515491485596
114,Hakim Ziyech,Chelsea,Burnley,MID,100.0,79,1.2,1.0,1.314776317983127,0.6334633827209473
116,Andreas Christensen,Chelsea,Burnley,DEF,,49,0.3,0.0,1.2092875549230644,1.065552830696106
117,Timo Werner,Chelsea,Burnley,FWD,100.0,93,20.7,4.8,4.984795193219824,4.534510135650635
118,Tammy Abraham,Chelsea,Burnley,FWD,,72,2.2,2.8,1.749602069549149,1.648268699645996
119,Christian Pulisic,Chelsea,Burnley,MID,100.0,83,3.9,2.0,3.8075934701456395,3.2436046600341797
120,Mason Mount,Chelsea,Burnley,MID,,69,5.2,3.8,2.77368632295238,1.6545040607452393
121,Fikayo Tomori,Chelsea,Burnley,DEF,,48,0.3,0.0,0.3578790461200355,-0.03372693061828613
122,Callum Hudson-Odoi,Chelsea,Burnley,MID,,58,0.3,3.3,0.861669073421604,1.2750447988510132
123,Reece James,Chelsea,Burnley,DEF,,50,11.1,5.0,4.43278835028845,3.4991748332977295
124,Billy Gilmour,Chelsea,Burnley,MID,0.0,44,0.1,0.0,0.26309129694135697,-0.03927019238471985
232,Benjamin Chilwell,Chelsea,Burnley,DEF,100.0,58,17.2,9.0,4.054273641418506,4.951834201812744
490,Thiago Thiago,Chelsea,Burnley,DEF,100.0,55,2.3,4.7,3.35603297070078,2.5118391513824463
500,Kai Havertz,Chelsea,Burnley,MID,,84,8.4,3.8,3.2327745709513995,3.274524211883545
548,Edouard Mendy,Chelsea,Burnley,GK,100.0,50,2.2,6.5,3.7125201489296598,2.209179162979126
108,Michy Batshuayi,Crystal Palace,Wolves,FWD,100.0,58,0.8,3.0,3.245303064802006,2.5574777126312256
125,Gary Cahill,Crystal Palace,Wolves,DEF,0.0,45,0.1,2.0,0.5857677263471938,0.4203716814517975
126,Wayne Hennessey,Crystal Palace,Wolves,GK,0.0,44,0.5,0.0,0.14447183491833973,-0.27343490719795227
127,Mamadou Sakho,Crystal Palace,Wolves,DEF,100.0,45,0.3,1.0,0.774013809404248,0.3775337040424347
128,Vicente Guaita,Crystal Palace,Wolves,GK,,50,4.5,2.8,2.2780261146934975,1.8474169969558716
129,James Tomkins,Crystal Palace,Wolves,DEF,100.0,45,0.0,0.0,0.05242327578853199,-0.29791566729545593
130,James McArthur,Crystal Palace,Wolves,MID,,54,0.1,1.8,0.8431673532986209,0.6860418319702148
131,James McCarthy,Crystal Palace,Wolves,MID,0.0,45,1.7,2.0,0.5461498587489697,0.1927272081375122
132,Christian Benteke,Crystal Palace,Wolves,FWD,100.0,55,0.2,1.0,0.3341563741226025,-0.17575675249099731
133,Cheikhou Kouyaté,Crystal Palace,Wolves,MID,,50,0.7,3.3,1.8972205917988738,1.668500542640686
134,Joel Ward,Crystal Palace,Wolves,DEF,,45,1.6,1.8,0.945641114419325,0.7385685443878174
135,Martin Kelly,Crystal Palace,Wolves,DEF,,43,0.5,0.0,0.21749591487575312,-0.25130873918533325
136,Connor Wickham,Crystal Palace,Wolves,FWD,0.0,45,0.7,0.0,0.26071201819165857,-0.21398302912712097
137,Andros Townsend,Crystal Palace,Wolves,MID,,60,3.2,4.7,2.4560983000706456,1.9185681343078613
138,Luka Milivojevic,Crystal Palace,Wolves,MID,,57,0.4,1.2,1.8114387877379503,1.357875943183899
139,Patrick van Aanholt,Crystal Palace,Wolves,DEF,100.0,54,0.2,1.0,0.9477796791397879,0.12621358036994934
140,Jordan Ayew,Crystal Palace,Wolves,FWD,0.0,57,2.0,2.8,0.8475167432752103,0.39701637625694275
141,Wilfried Zaha,Crystal Palace,Wolves,MID,100.0,73,24.2,8.0,3.56224039236488,3.105205774307251
142,Jeffrey Schlupp,Crystal Palace,Wolves,MID,100.0,55,0.1,3.8,1.9580084983616417,1.5412544012069702
143,Max Meyer,Crystal Palace,Wolves,MID,,48,0.0,0.0,0.0936487913512252,-0.29155850410461426
144,Jairo Riedewald,Crystal Palace,Wolves,MID,75.0,44,0.7,3.2,2.5678365367282394,1.7479276657104492
145,Nathan Ferguson,Crystal Palace,Wolves,DEF,0.0,40,0.9,0.0,0.21253953654195648,-0.24986639618873596
146,Tyrick Mitchell,Crystal Palace,Wolves,DEF,,42,26.5,2.5,1.9999381358684942,1.6507771015167236
147,Brandon Pierrick,Crystal Palace,Wolves,MID,,44,0.1,0.0,0.09936951963511824,-0.2908410131931305
486,Scott Dann,Crystal Palace,Wolves,DEF,100.0,45,0.7,4.5,1.5511874470860187,1.106701374053955
489,Eberechi Eze,Crystal Palace,Wolves,MID,100.0,58,0.4,1.4,1.376251532616512,1.1061755418777466
522,Sam Woods,Crystal Palace,Wolves,DEF,100.0,40,0.7,0.0,0.1723318859030667,-0.299674928188324
534,Ryan Inniss,Crystal Palace,Wolves,DEF,0.0,40,0.1,0.0,0.12666705922402416,-0.2916141152381897
577,Nathaniel Clyne,Crystal Palace,Wolves,DEF,,45,0.1,6.0,1.2726903989856413,0.9081850051879883
578,Stephen Henderson,Crystal Palace,Wolves,GK,,40,0.2,0.0,0.00523949575051547,-0.07972076535224915
586,Jack Butland,Crystal Palace,Wolves,GK,0.0,45,0.0,0.0,0.3165837147284717,0.056249529123306274
149,Fabian Delph,Everton,Newcastle,MID,100.0,49,0.0,1.0,1.0496886657184246,1.1436151266098022
150,Gylfi Sigurdsson,Everton,Newcastle,MID,,68,1.0,1.7,1.537742706265069,2.141338348388672
151,Jonas Lössl,Everton,Newcastle,GK,,44,0.1,0.0,0.11661376428934862,0.34350085258483887
152,Seamus Coleman,Everton,Newcastle,DEF,0.0,50,1.3,3.0,1.163524589043426,1.3670494556427002
153,Cenk Tosun,Everton,Newcastle,FWD,0.0,60,0.0,0.0,0.11525856792585497,0.33636829257011414
154,Bernard Anício Caldeira Duarte,Everton,Newcastle,MID,,58,0.1,0.0,1.3949660293182364,1.2163829803466797
155,Lucas Digne,Everton,Newcastle,DEF,0.0,62,14.9,4.2,1.8121656653550064,1.8509564399719238
156,Michael Keane,Everton,Newcastle,DEF,,51,6.1,4.2,2.6869723219977972,1.8974837064743042
157,Jordan Pickford,Everton,Newcastle,GK,,50,8.3,2.8,3.0588467614824384,3.491743326187134
158,André Filipe Tavares Gomes,Everton,Newcastle,MID,100.0,55,0.3,2.0,0.9011097669179298,0.5514500141143799
159,Alex Iwobi,Everton,Newcastle,MID,,59,0.2,1.8,1.5651292743181828,1.9363988637924194
160,Jonjoe Kenny,Everton,Newcastle,DEF,0.0,43,0.1,0.0,0.2260568389819754,0.3187413215637207
161,Jean-Philippe Gbamin,Everton,Newcastle,MID,0.0,50,0.0,0.0,0.10550551042895688,0.3254750072956085
162,Yerry Mina,Everton,Newcastle,DEF,100.0,55,2.3,3.2,2.789569760994089,3.1726109981536865
163,Tom Davies,Everton,Newcastle,MID,,54,0.1,1.3,0.49530046559722934,0.7451869249343872
164,Dominic Calvert-Lewin,Everton,Newcastle,FWD,,77,56.6,7.3,3.3793870302587403,5.310050964355469
165,Mason Holgate,Everton,Newcastle,DEF,0.0,48,0.0,0.0,0.15562976741390896,0.3028683662414551
166,Richarlison de Andrade,Everton,Newcastle,FWD,0.0,78,4.4,4.4,1.9066507678578921,1.6590744256973267
167,João Virgínia,Everton,Newcastle,GK,,44,0.1,0.0,0.09566097891741045,0.3349023163318634
168,Anthony Gordon,Everton,Newcastle,MID,,44,0.4,1.0,1.2187637863186043,1.018359899520874
169,Moise Kean,Everton,Newcastle,FWD,0.0,58,0.2,1.0,0.31066835564171635,0.3882666230201721
170,Jarrad Branthwaite,Everton,Newcastle,DEF,0.0,39,2.2,0.0,0.528836364150405,0.49712052941322327
502,Allan Marques Loureiro,Everton,Newcastle,MID,100.0,54,1.1,2.0,2.147818074206184,2.1377596855163574
508,James Rodríguez,Everton,Newcastle,MID,75.0,80,38.3,6.8,4.927734089333621,4.897762775421143
512,Abdoulaye Doucouré,Everton,Newcastle,MID,,54,1.3,2.3,2.165491118858192,2.4290215969085693
559,Niels Nkounkou,Everton,Newcastle,DEF,,40,0.1,0.0,0.07403021545147807,0.3055618107318878
566,Ben Godfrey,Everton,Newcastle,DEF,,50,0.1,1.0,1.8004570886724898,1.7272288799285889
573,Robin Olsen,Everton,Newcastle,GK,,45,0.0,0.0,0.11408898793810218,0.40220916271209717
115,Ruben Loftus-Cheek,Fulham,West Brom,MID,,59,0.2,2.3,2.280918227756938,2.1595234870910645
171,Fabricio Agosto Ramírez,Fulham,West Brom,GK,,40,1.8,0.0,0.20853600226592295,0.34855496883392334
172,Kevin McDonald,Fulham,West Brom,MID,0.0,48,0.0,0.0,0.20258583816180561,0.1526174545288086
173,Maxime Le Marchand,Fulham,West Brom,DEF,,43,0.1,0.5,0.5355283056096565,0.5106238126754761
174,Stefan Johansen,Fulham,West Brom,MID,0.0,48,0.0,0.0,0.14032078430181077,0.14910444617271423
175,Tom Cairney,Fulham,West Brom,MID,,53,0.1,3.0,3.365886820252872,2.7402138710021973
176,Tim Ream,Fulham,West Brom,DEF,,44,0.2,1.4,2.2715179913645223,2.197064161300659
177,Anthony Knockaert,Fulham,West Brom,MID,0.0,52,0.1,0.0,0.20753335607395773,0.16504278779029846
178,Michael Hector,Fulham,West Brom,DEF,,43,0.2,0.0,0.30693823613031573,0.17251071333885193
179,Cyrus Christie,Fulham,West Brom,DEF,0.0,43,0.0,0.0,0.1817284742104661,0.14637067914009094
180,Neeskens Kebano,Fulham,West Brom,MID,,48,0.1,1.2,0.683741979810977,0.34178417921066284
181,Bobby Decordova-Reid,Fulham,West Brom,FWD,,54,0.1,2.0,0.9772285698093952,0.7236438989639282
182,Joe Bryan,Fulham,West Brom,DEF,,48,0.5,1.5,0.6864215278298602,0.7708934545516968
183,Marcus Bettinelli,Fulham,West Brom,GK,0.0,44,0.0,0.0,0.12140206214746856,0.15297365188598633
184,Aleksandar Mitrović,Fulham,West Brom,FWD,,58,9.4,3.2,4.791316204101762,4.8351545333862305
185,Alfie Mawson,Fulham,West Brom,DEF,0.0,44,0.0,0.0,0.10241179883242756,0.131494402885437
186,Marek Rodák,Fulham,West Brom,GK,,44,0.4,1.0,0.2612537900522375,0.21638023853302002
187,Ivan Ricardo Neves Abreu Cavaleiro,Fulham,West Brom,MID,,54,0.1,1.8,1.1344360663264597,1.2581793069839478
188,Josh Onomah,Fulham,West Brom,MID,0.0,48,0.1,1.5,0.25234080914271095,0.1715315580368042
189,Jean Michaël Seri,Fulham,West Brom,MID,0.0,47,0.1,0.0,0.2545242976294843,0.16223856806755066
190,Aboubakar Kamara,Fulham,West Brom,MID,0.0,49,0.1,0.4,0.38449301547896586,0.43275877833366394
191,André-Frank Zambo Anguissa,Fulham,West Brom,MID,,45,2.2,2.2,2.55682724270342,2.626295804977417
192,Zeze Steven Sessegnon,Fulham,West Brom,DEF,0.0,44,0.1,0.0,0.17757503214534756,0.14170145988464355
373,Harrison Reed,Fulham,West Brom,MID,100.0,45,0.7,2.7,1.599781303641472,1.1313610076904297
484,Antonee Robinson,Fulham,West Brom,DEF,,44,0.1,1.7,2.5302962749706377,2.75892972946167
493,Mario Lemina,Fulham,West Brom,MID,100.0,45,0.5,1.3,2.262533155933651,1.7045178413391113
516,Alphonse Areola,Fulham,West Brom,GK,,45,1.3,2.2,3.4171588498798853,2.5042412281036377
517,Kenny Tete,Fulham,West Brom,DEF,0.0,44,0.1,1.0,0.2373511917432137,0.16700273752212524
525,Denis Odoi,Fulham,West Brom,DEF,,44,0.1,0.3,0.20496364653067684,0.1456175446510315
557,Ademola Lookman,Fulham,West Brom,MID,,50,0.4,4.3,3.0641198780583934,2.406994104385376
562,Ola Aina,Fulham,West Brom,DEF,,45,0.0,1.7,2.1547261764751333,2.490806818008423
571,Joachim Andersen,Fulham,West Brom,DEF,0.0,45,0.0,0.0,0.2049827285156459,0.2923543155193329
572,Tosin Adarabioyo,Fulham,West Brom,DEF,,45,0.0,1.5,2.330650474362283,2.1684436798095703
585,Terence Kongolo,Fulham,West Brom,DEF,0.0,45,0.0,0.0,0.40156066076351565,0.45471492409706116
216,Wes Morgan,Leicester,Leeds,DEF,100.0,44,0.1,1.0,0.15227583911530188,0.13206332921981812
217,Kasper Schmeichel,Leicester,Leeds,GK,,55,12.0,4.2,3.6856340646152796,3.160238265991211
218,Christian Fuchs,Leicester,Leeds,DEF,100.0,45,0.1,3.5,1.9765852495810725,1.2368035316467285
219,Jonny Evans,Leicester,Leeds,DEF,100.0,55,0.2,2.0,2.103304985210778,1.836679220199585
220,Adrien Silva,Leicester,Leeds,MID,0.0,44,0.4,0.0,0.28715027534682336,0.17066922783851624
221,Marc Albrighton,Leicester,Leeds,MID,,53,0.1,1.0,0.8198917498023771,0.5986583232879639
222,Matty James,Leicester,Leeds,MID,0.0,44,0.3,0.0,0.32756859165734825,0.16946420073509216
223,Danny Ward,Leicester,Leeds,GK,,44,0.2,0.0,0.13252172782307978,0.14661842584609985
224,Jamie Vardy,Leicester,Leeds,FWD,100.0,100,17.3,8.2,3.9689739692524317,2.321787118911743
225,Dennis Praet,Leicester,Leeds,MID,100.0,55,0.4,4.0,1.6474544965929774,1.2767670154571533
226,Ricardo Domingos Barbosa Pereira,Leicester,Leeds,DEF,0.0,59,0.1,0.0,0.13814879847668501,0.129166841506958
227,Daniel Amartey,Leicester,Leeds,DEF,0.0,40,1.1,0.0,0.7181064336302129,0.4292244017124176
228,Youri Tielemans,Leicester,Leeds,MID,,64,1.7,2.7,2.5162466675669157,2.3203325271606445
229,Ayoze Pérez,Leicester,Leeds,MID,,62,1.1,2.0,1.731991179485813,2.6717612743377686
230,Demarai Gray,Leicester,Leeds,MID,100.0,53,0.1,0.0,0.15267410269681578,0.1473158895969391
231,James Maddison,Leicester,Leeds,MID,100.0,70,2.4,3.0,2.780463910611116,2.1172690391540527
233,Kelechi Iheanacho,Leicester,Leeds,FWD,,57,0.3,1.3,1.1172588496370226,1.5712623596191406
234,Hamza Choudhury,Leicester,Leeds,MID,,48,0.1,1.0,0.5629287761515166,0.3375924825668335
235,Harvey Barnes,Leicester,Leeds,MID,,70,4.7,4.2,2.979764201998051,2.331892728805542
236,Wilfred Ndidi,Leicester,Leeds,MID,0.0,48,0.7,2.5,0.42034308741363235,0.3163451552391052
237,Filip Benkovic,Leicester,Leeds,DEF,0.0,43,0.0,0.0,0.08890980826216109,0.12364175915718079
238,Çaglar Söyüncü,Leicester,Leeds,DEF,0.0,54,4.9,2.0,0.9253857997512202,0.4655205011367798
239,James Justin,Leicester,Leeds,DEF,,48,21.6,4.3,3.40547576428098,2.7646982669830322
240,Luke Thomas,Leicester,Leeds,DEF,,43,0.2,0.0,0.212155088564611,0.14459016919136047
498,Timothy Castagne,Leicester,Leeds,DEF,,58,21.3,5.8,3.708497905847247,3.787989854812622
518,Nampalys Mendy,Leicester,Leeds,MID,,45,3.1,2.7,2.589384975901982,2.091042995452881
541,Cengiz Ünder,Leicester,Leeds,MID,,59,0.1,2.5,1.2339498708776344,1.038448691368103
561,Wesley Fofana,Leicester,Leeds,DEF,,50,0.1,3.5,2.076066869424795,2.0029730796813965
579,Islam Slimani,Leicester,Leeds,FWD,,50,0.1,1.0,0.5642742649969539,0.700965166091919
193,Pablo Hernández Domínguez,Leeds,Leicester,MID,100.0,58,0.4,1.3,1.8529896496657643,0.8461639881134033
194,Francisco Casilla Cortés,Leeds,Leicester,GK,100.0,43,1.2,0.0,0.3775359664266081,-0.0036218464374542236
195,Liam Cooper,Leeds,Leicester,DEF,75.0,44,0.6,3.3,0.7336135728328161,0.37464576959609985
196,Barry Douglas,Leeds,Leicester,DEF,0.0,39,6.9,0.0,0.48139036267238433,0.10026350617408752
197,Luke Ayling,Leeds,Leicester,DEF,,45,4.3,2.8,3.290031821235114,1.946037769317627
198,Mateusz Klich,Leeds,Leicester,MID,,56,7.0,5.0,3.5121510187296665,1.9296886920928955
199,Adam Forshaw,Leeds,Leicester,MID,0.0,48,0.0,0.0,0.15676371650493479,-0.04781171679496765
200,Stuart Dallas,Leeds,Leicester,DEF,,45,5.7,3.2,3.3149140913977106,2.0731360912323
201,Ezgjan Alioski,Leeds,Leicester,DEF,,44,0.4,2.5,2.702882120069291,1.985837697982788
202,Patrick Bamford,Leeds,Leicester,FWD,,59,28.9,8.2,5.0271333405301535,4.022721767425537
203,Jack Harrison,Leeds,Leicester,MID,100.0,55,1.9,4.2,3.475215088484538,2.82710862159729
204,Kalvin Phillips,Leeds,Leicester,MID,0.0,50,1.9,2.4,1.3717701479893947,0.6318258047103882
205,Hélder Wander Sousa de Azevedo e Costa,Leeds,Leicester,MID,,57,9.5,5.3,3.813871530801432,2.3613760471343994
206,Tyler Roberts,Leeds,Leicester,MID,,49,0.1,1.0,0.5468832250076203,0.2187608778476715
207,Jay-Roy Grot,Leeds,Leicester,MID,0.0,48,0.0,0.0,0.16442368311444672,-0.046610087156295776
208,Kamil Miazek,Leeds,Leicester,GK,0.0,40,1.6,0.0,0.3795165049452272,0.025510013103485107
209,Ian Carlo Poveda-Ocampo,Leeds,Leicester,MID,,44,0.5,1.0,1.230300796968067,0.5578521490097046
210,Jamie Shackleton,Leeds,Leicester,MID,,48,0.0,2.0,1.8728201130305933,1.4822300672531128
211,Pascal Struijk,Leeds,Leicester,DEF,,40,2.4,0.7,1.6407198471874438,0.6041110754013062
212,Jordan Stevens,Leeds,Leicester,MID,0.0,44,0.7,0.0,0.43236424842628923,-0.026696741580963135
213,Illan Meslier,Leeds,Leicester,GK,,45,3.9,4.0,3.50041688545009,2.1462924480438232
214,Leif Davis,Leeds,Leicester,DEF,,40,1.4,1.0,0.5003638313825466,0.02819398045539856
215,Oliver Casey,Leeds,Leicester,DEF,,39,0.9,0.0,0.3574074209628832,-0.052543461322784424
491,Robin Koch,Leeds,Leicester,DEF,,45,0.8,3.2,2.5904031944274974,1.928416132926941
492,Rodrigo Moreno,Leeds,Leicester,FWD,,58,3.1,3.0,4.661353068713625,2.9702632427215576
532,Elia Caprile,Leeds,Leicester,GK,,40,0.3,0.0,0.16536677907601013,-0.04141029715538025
533,Mateusz Bogusz,Leeds,Leicester,MID,0.0,44,0.0,0.0,0.17770262805816991,-0.04629531502723694
549,Diego Llorente,Leeds,Leicester,DEF,0.0,44,0.0,0.0,0.1970377738309312,-0.06702032685279846
570,Raphael Dias Belloli,Leeds,Leicester,MID,,55,0.0,1.0,0.939553074385793,0.38813647627830505
241,James Milner,Liverpool,West Ham,MID,100.0,53,0.1,1.0,0.8388370775748655,0.12322238087654114
242,Konstantinos Tsimikas,Liverpool,West Ham,DEF,0.0,49,0.0,0.0,0.18031732019670188,-0.318909227848053
243,Georginio Wijnaldum,Liverpool,West Ham,MID,,53,1.3,2.0,1.8204598417553997,1.9303505420684814
244,Jordan Henderson,Liverpool,West Ham,MID,100.0,54,1.2,1.8,2.7687335695997803,2.3080551624298096
245,Adrián San Miguel del Castillo,Liverpool,West Ham,GK,,45,0.6,1.0,2.1240549642458277,0.9918538331985474
246,Joel Matip,Liverpool,West Ham,DEF,75.0,54,0.3,1.0,1.256584062541962,0.6330313682556152
247,Xherdan Shaqiri,Liverpool,West Ham,MID,100.0,64,0.1,0.0,0.1353418756100512,-0.2910330295562744
248,Alex Oxlade-Chamberlain,Liverpool,West Ham,MID,0.0,64,0.0,0.0,0.1544178376425315,-0.2934053838253021
249,Roberto Firmino,Liverpool,West Ham,FWD,,93,2.6,4.0,3.454386731403953,3.0909132957458496
250,Virgil van Dijk,Liverpool,West Ham,DEF,0.0,64,11.6,3.0,1.6084767859821152,-1.4679865837097168
251,Sadio Mané,Liverpool,West Ham,MID,100.0,120,9.5,7.8,3.91242978902663,3.606849431991577
252,Alisson Ramses Becker,Liverpool,West Ham,GK,100.0,59,7.4,4.8,3.003524862124512,2.2171499729156494
253,Fabio Henrique Tavares,Liverpool,West Ham,MID,50.0,55,1.5,2.3,2.0561060886796576,2.0079283714294434
254,Mohamed Salah,Liverpool,West Ham,MID,,124,47.6,8.3,5.112988233477691,5.298412322998047
255,Andrew Robertson,Liverpool,West Ham,DEF,,71,19.3,4.5,3.351780565651218,3.319537878036499
256,Divock Origi,Liverpool,West Ham,FWD,,53,0.7,0.0,0.5362610268450942,-0.13538047671318054
257,Harry Wilson,Liverpool,West Ham,MID,0.0,52,0.0,0.0,0.14877430774761877,-0.28902482986450195
258,Takumi Minamino,Liverpool,West Ham,MID,,61,0.2,1.0,0.9326704637624685,0.6501556634902954
259,Trent Alexander-Arnold,Liverpool,West Ham,DEF,,74,34.3,2.8,3.1958838050456193,3.4633235931396484
260,Joseph Gomez,Liverpool,West Ham,DEF,100.0,54,2.8,1.2,2.0211991102212945,2.171288251876831
261,Naby Keita,Liverpool,West Ham,MID,75.0,53,0.3,1.8,0.956160236842893,0.8694922924041748
263,Curtis Jones,Liverpool,West Ham,MID,,44,0.5,1.0,0.6928434740648499,-0.000134199857711792
264,Neco Williams,Liverpool,West Ham,DEF,,40,3.2,0.0,0.6560856323395221,0.1197405755519867
265,Harvey Elliott,Liverpool,West Ham,MID,0.0,44,0.2,0.0,0.1875307555094454,-0.26041916012763977
468,Diogo Jota,Liverpool,West Ham,MID,,63,2.0,4.5,2.5742355377823958,2.002707004547119
531,Thiago Alcántara do Nascimento,Liverpool,West Ham,MID,75.0,60,1.7,1.5,1.5236389392844856,1.3407999277114868
560,Caoimhin Kelleher,Liverpool,West Ham,GK,,45,0.0,0.0,0.0486932744733707,-0.30007222294807434
589,Nathaniel Phillips,Liverpool,West Ham,DEF,,40,0.0,0.0,0.3481835112532659,-0.08540880680084229
266,Fernando Luiz Rosa,Man City,Sheffield Utd,DEF,0.0,55,0.9,1.2,0.7008975080697881,0.4766639173030853
267,Claudio Bravo,Man City,Sheffield Utd,GK,0.0,45,0.0,0.0,0.02604176288706875,0.26650533080101013
268,Sergio Agüero,Man City,Sheffield Utd,FWD,0.0,104,2.2,1.5,2.057710179706354,1.4502382278442383
269,Nicolás Otamendi,Man City,Sheffield Utd,DEF,0.0,49,0.3,0.0,0.2409012055456728,0.34079641103744507
270,Kyle Walker,Man City,Sheffield Utd,DEF,,60,6.2,2.6,2.513879393469046,2.8726370334625244
271,Ilkay Gündogan,Man City,Sheffield Utd,MID,100.0,54,0.3,1.5,1.8329283602988087,1.3585642576217651
272,Kevin De Bruyne,Man City,Sheffield Utd,MID,100.0,115,15.2,4.5,3.724835236686874,4.206671714782715
273,John Stones,Man City,Sheffield Utd,DEF,,49,0.4,2.0,0.28249540259891753,0.339350163936615
274,Benjamin Mendy,Man City,Sheffield Utd,DEF,0.0,59,1.2,0.7,0.5315351039343212,0.4732697904109955
275,Riyad Mahrez,Man City,Sheffield Utd,MID,,84,3.6,4.8,3.423305140025933,3.6447370052337646
276,Raheem Sterling,Man City,Sheffield Utd,MID,100.0,116,7.4,5.8,3.357112419965953,2.7082440853118896
277,João Pedro Cavaco Cancelo,Man City,Sheffield Utd,DEF,100.0,54,0.8,6.5,2.6975842188050327,1.248586893081665
278,Ederson Santana de Moraes,Man City,Sheffield Utd,GK,,60,6.0,3.0,3.1332630666981833,2.966506004333496
279,Nathan Aké,Man City,Sheffield Utd,DEF,75.0,55,6.4,3.2,1.7377215112786173,1.3338699340820312
280,Aymeric Laporte,Man City,Sheffield Utd,DEF,100.0,60,2.5,2.0,0.6576038489837517,0.89101243019104
281,Bernardo Mota Veiga de Carvalho e Silva,Man City,Sheffield Utd,MID,100.0,74,0.6,2.0,1.884840213115736,1.4413273334503174
282,Gabriel Fernando de Jesus,Man City,Sheffield Utd,FWD,0.0,93,0.7,6.0,0.4716826403107889,0.6550257205963135
283,Oleksandr Zinchenko,Man City,Sheffield Utd,DEF,100.0,55,0.2,1.0,0.886680590334575,0.45451346039772034
284,Phil Foden,Man City,Sheffield Utd,MID,,66,8.4,5.0,3.0674748694464076,2.671541690826416
285,Tommy Doyle,Man City,Sheffield Utd,MID,,44,0.1,0.0,0.1565674332371712,0.28059422969818115
286,Rodrigo Hernandez,Man City,Sheffield Utd,MID,,54,0.5,1.8,2.2711901541013653,1.6198302507400513
287,Ferran Torres,Man City,Sheffield Utd,MID,,69,0.8,2.3,0.6826737547941957,1.0259534120559692
288,Eric Garcia,Man City,Sheffield Utd,DEF,100.0,48,0.2,1.0,1.791789081948793,1.4326164722442627
537,Adrián Bernabé,Man City,Sheffield Utd,MID,100.0,45,0.0,0.0,0.08643378627549352,0.26513585448265076
538,Zack Steffen,Man City,Sheffield Utd,GK,,45,0.0,0.0,0.016397268392875,0.26536309719085693
539,Liam Delap,Man City,Sheffield Utd,FWD,,45,0.9,1.0,0.2829138078269322,0.601571798324585
552,Cole Palmer,Man City,Sheffield Utd,MID,,45,0.0,0.0,0.07776561600753884,0.26634588837623596
556,Rúben Santos Gato Alves Dias,Man City,Sheffield Utd,DEF,,55,1.4,3.0,2.3234383736278716,1.9385671615600586
289,Sergio Romero,Man Utd,Arsenal,GK,0.0,49,0.1,0.0,0.11193137436315077,0.6044720411300659
290,Juan Mata,Man Utd,Arsenal,MID,,59,0.1,3.0,1.8901207302810472,2.2093544006347656
291,David de Gea,Man Utd,Arsenal,GK,,54,3.8,2.2,3.937339116948042,2.88576340675354
292,Chris Smalling,Man Utd,Arsenal,DEF,0.0,49,0.1,0.0,0.190187138839641,0.5875203609466553
293,Odion Ighalo,Man Utd,Arsenal,FWD,,62,0.2,1.0,0.24153931901384076,0.6314395666122437
294,Marcos Rojo,Man Utd,Arsenal,DEF,,49,0.1,0.0,0.15242766118295847,0.5744291543960571
295,Nemanja Matic,Man Utd,Arsenal,MID,,49,0.2,2.0,0.6679875956994169,0.7709332704544067
296,Paul Pogba,Man Utd,Arsenal,MID,,78,1.4,1.6,1.8405938880773989,1.815527319908142
297,Phil Jones,Man Utd,Arsenal,DEF,0.0,49,0.0,0.0,0.1431234223132101,0.5730504989624023
298,Harry Maguire,Man Utd,Arsenal,DEF,100.0,54,2.9,3.6,2.9920517515699947,3.1821630001068115
299,Frederico Rodrigues de Paula Santos,Man Utd,Arsenal,MID,,53,0.1,1.5,2.2223476164850147,2.214984655380249
300,Luke Shaw,Man Utd,Arsenal,DEF,,49,1.0,1.0,2.429551901661049,2.6304681301116943
301,Jesse Lingard,Man Utd,Arsenal,MID,0.0,59,0.2,0.0,0.23863794654412784,0.6150166392326355
302,Bruno Miguel Borges Fernandes,Man Utd,Arsenal,MID,,105,22.0,6.8,4.792690977720587,4.183158874511719
303,Anthony Martial,Man Utd,Arsenal,FWD,0.0,88,3.8,1.7,1.414568339577105,1.0180026292800903
304,Andreas Pereira,Man Utd,Arsenal,MID,0.0,48,0.0,0.0,0.1864829535439066,0.5995500087738037
305,Dean Henderson,Man Utd,Arsenal,GK,,53,1.7,0.0,0.31117847299243373,0.8472281694412231
306,Marcus Rashford,Man Utd,Arsenal,MID,,95,7.2,5.6,3.902896691700463,4.016470909118652
307,Axel Tuanzebe,Man Utd,Arsenal,DEF,100.0,45,0.1,0.0,0.10862128675518422,0.620479941368103
308,Victor Lindelöf,Man Utd,Arsenal,DEF,,49,1.3,2.5,2.557573252547167,2.237583875656128
309,Scott McTominay,Man Utd,Arsenal,MID,,49,0.3,2.0,2.575166458786473,2.233757734298706
310,Eric Bailly,Man Utd,Arsenal,DEF,0.0,49,0.2,-0.5,0.44612392772388193,0.6050158143043518
311,Daniel James,Man Utd,Arsenal,MID,,63,0.3,1.0,2.221587303258792,2.5144054889678955
312,Timothy Fosu-Mensah,Man Utd,Arsenal,DEF,,44,0.1,0.0,0.18718420936041333,0.5829938650131226
313,Aaron Wan-Bissaka,Man Utd,Arsenal,DEF,,54,8.6,3.5,3.6147622394032926,3.83813214302063
314,José Diogo Dalot Teixeira,Man Utd,Arsenal,DEF,0.0,49,0.0,0.0,0.10313711018197415,0.5733867883682251
315,Mason Greenwood,Man Utd,Arsenal,MID,100.0,72,3.2,1.5,1.9891800051098762,1.5757969617843628
316,Tahith Chong,Man Utd,Arsenal,MID,0.0,45,0.0,0.0,0.11095347552587019,0.5932718515396118
317,James Garner,Man Utd,Arsenal,MID,0.0,44,0.1,0.0,0.19532815575030518,0.601856529712677
318,Brandon Williams,Man Utd,Arsenal,DEF,,43,0.9,0.0,0.37603733336779127,0.7394716739654541
319,Teden Mengi,Man Utd,Arsenal,DEF,,40,0.6,0.0,0.282392354972917,0.6463251113891602
495,Donny van de Beek,Man Utd,Arsenal,MID,,68,2.3,2.2,1.5083119775178762,1.3859914541244507
568,Alex Nicolao Telles,Man Utd,Arsenal,DEF,,55,1.2,0.0,0.42998684532442133,0.8101332187652588
569,Edinson Cavani,Man Utd,Arsenal,FWD,100.0,80,0.6,1.0,1.6623176435858544,1.4278473854064941
575,Facundo Pellistri,Man Utd,Arsenal,MID,,55,0.0,0.0,0.15922361322016568,0.6408358812332153
320,Andy Carroll,Newcastle,Everton,FWD,,53,0.4,2.0,0.6437623395120328,0.4489171802997589
321,Jonjo Shelvey,Newcastle,Everton,MID,0.0,54,0.2,1.8,1.4580889651261264,1.3591183423995972
322,Matt Ritchie,Newcastle,Everton,MID,0.0,49,0.0,2.0,0.19466719744253408,0.29490146040916443
323,Federico Fernández,Newcastle,Everton,DEF,,49,1.0,2.2,2.255476684733014,1.8828282356262207
324,Ciaran Clark,Newcastle,Everton,DEF,75.0,45,0.0,0.0,0.11597289433306453,0.26908078789711
325,Karl Darlow,Newcastle,Everton,GK,100.0,50,1.6,5.0,3.061200464881208,2.2964401245117188
326,Martin Dubravka,Newcastle,Everton,GK,0.0,49,0.2,0.0,0.1660490670557,0.3048190474510193
327,Florian Lejeune,Newcastle,Everton,DEF,0.0,43,0.0,0.0,0.10048818818226583,0.2646484375
328,Jamaal Lascelles,Newcastle,Everton,DEF,100.0,44,2.1,2.0,2.269544926741601,2.341156482696533
329,Dwight Gayle,Newcastle,Everton,FWD,0.0,59,0.0,0.0,0.09929136532664164,0.2919512391090393
330,Christian Atsu,Newcastle,Everton,MID,0.0,53,0.0,0.0,0.16733198315505615,0.2900330126285553
331,Paul Dummett,Newcastle,Everton,DEF,75.0,44,0.0,0.0,0.041019095495939135,0.264151394367218
332,Javier Manquillo,Newcastle,Everton,DEF,,45,0.3,2.2,0.7451631862695636,0.5105031728744507
333,Emil Krafth,Newcastle,Everton,DEF,100.0,44,0.1,2.0,1.0377697799142531,1.21333646774292
334,Fabian Schär,Newcastle,Everton,DEF,100.0,49,0.0,1.0,1.4078833626060272,1.6782219409942627
335,DeAndre Yedlin,Newcastle,Everton,DEF,75.0,43,0.2,0.0,0.24095510479210835,0.29592806100845337
336,Isaac Hayden,Newcastle,Everton,MID,100.0,48,0.1,1.6,0.9465286972640901,0.8926458358764648
337,Rolando Aarons,Newcastle,Everton,MID,0.0,49,0.0,0.0,0.15729883141040713,0.29002007842063904
338,Allan Saint-Maximin,Newcastle,Everton,MID,100.0,53,7.1,4.2,3.7263656347944694,3.771519184112549
339,Miguel Almirón,Newcastle,Everton,MID,,57,0.5,1.8,2.3928514901506848,1.8161985874176025
340,Joelinton Cássio Apolinário de Lira,Newcastle,Everton,FWD,,58,0.2,1.2,1.498656109848849,1.3535029888153076
341,Yoshinori Muto,Newcastle,Everton,FWD,0.0,48,0.1,0.0,0.20536839889230693,0.31325584650039673
342,Kelland Watts,Newcastle,Everton,DEF,0.0,40,0.2,0.0,0.24404979922319264,0.2885292172431946
480,Sean Longstaff,Newcastle,Everton,MID,,48,0.1,1.0,0.7749359850210761,0.49830278754234314
485,Jeff Hendrick,Newcastle,Everton,MID,,50,3.5,4.0,2.605432999539473,2.5515382289886475
487,Matthew Longstaff,Newcastle,Everton,MID,75.0,49,0.0,0.0,0.10515354345586735,0.2849598526954651
488,Mark Gillespie,Newcastle,Everton,GK,,44,0.1,0.0,0.09636223071869417,0.2916301488876343
497,Jacob Murphy,Newcastle,Everton,MID,,49,0.0,5.0,2.0886527261331502,1.6089937686920166
506,Callum Wilson,Newcastle,Everton,FWD,,65,13.0,6.8,5.100332463134872,3.4258580207824707
507,Ryan Fraser,Newcastle,Everton,MID,100.0,58,0.3,2.2,1.8683598858069306,1.5618445873260498
513,Jamal Lewis,Newcastle,Everton,DEF,100.0,44,2.2,1.7,2.3466403837561343,1.8069325685501099
262,Rhian Brewster,Sheffield Utd,Man City,FWD,,45,6.9,1.0,2.27939461529905,1.2106735706329346
343,Billy Sharp,Sheffield Utd,Man City,FWD,,57,0.2,2.8,1.09370617743248,0.9758182764053345
344,David McGoldrick,Sheffield Utd,Man City,FWD,100.0,53,0.7,2.5,1.8598547119767321,1.297809362411499
345,Chris Basham,Sheffield Utd,Man City,DEF,,49,1.1,1.8,2.234546305245448,2.0997674465179443
346,John Fleck,Sheffield Utd,Man City,MID,0.0,57,0.2,1.7,0.6638396945220333,0.5265285968780518
347,Enda Stevens,Sheffield Utd,Man City,DEF,,53,2.3,1.3,2.272563828961779,2.760164260864258
348,Simon Moore,Sheffield Utd,Man City,GK,0.0,44,0.2,0.0,0.19799577112591124,0.4661126434803009
349,Oliver Norwood,Sheffield Utd,Man City,MID,,48,0.2,1.7,0.7926402374942956,0.7192126512527466
350,Wes Foderingham,Sheffield Utd,Man City,GK,,44,0.1,0.0,0.12752831988495064,0.45821183919906616
351,George Baldock,Sheffield Utd,Man City,DEF,,54,2.3,1.8,2.3644739368788326,2.6480143070220947
352,Jack Robinson,Sheffield Utd,Man City,DEF,,44,0.2,2.7,1.138927238536911,0.9535691738128662
353,John Egan,Sheffield Utd,Man City,DEF,100.0,49,4.0,0.4,3.02294717074406,3.046992540359497
354,Jack O'Connell,Sheffield Utd,Man City,DEF,0.0,48,0.2,1.5,0.3226526240901074,0.5425056219100952
355,John Lundstram,Sheffield Utd,Man City,MID,,52,4.0,1.3,3.0070025918198,2.7871763706207275
356,Ben Osborn,Sheffield Utd,Man City,MID,,49,0.0,1.8,2.0521991467757754,1.749748945236206
357,Oliver McBurnie,Sheffield Utd,Man City,FWD,,57,0.3,1.8,2.872635012678086,2.8693301677703857
359,Lys Mousset,Sheffield Utd,Man City,FWD,0.0,58,0.1,0.0,0.22321227681845165,0.48160484433174133
360,Sander Berge,Sheffield Utd,Man City,MID,100.0,50,0.2,2.5,2.411752322923201,2.597416400909424
424,Oliver Burke,Sheffield Utd,Man City,MID,100.0,45,1.0,1.8,1.6466223745299047,1.2036280632019043
477,Luke Freeman,Sheffield Utd,Man City,MID,0.0,50,0.0,0.0,0.1412277768191226,0.44301652908325195
483,Aaron Ramsdale,Sheffield Utd,Man City,GK,,49,3.5,2.3,3.408361190276816,2.809817314147949
509,Ethan Ampadu,Sheffield Utd,Man City,DEF,,45,0.6,1.3,1.7006387302460766,2.1127374172210693
510,Jayden Bogle,Sheffield Utd,Man City,DEF,,44,0.1,0.0,0.1788005690398945,0.4367043077945709
511,Max Lowe,Sheffield Utd,Man City,DEF,75.0,44,0.1,1.0,0.5231329764721845,0.5458365678787231
529,Phil Jagielka,Sheffield Utd,Man City,DEF,,40,0.6,0.0,0.18199014505706507,0.430996835231781
580,Michael Verrips,Sheffield Utd,Man City,GK,,40,0.2,0.0,0.12644417224953097,0.4715860188007355
148,Theo Walcott,Southampton,Aston Villa,MID,100.0,58,0.2,3.0,0.6517885517014532,0.6465803384780884
361,Shane Long,Southampton,Aston Villa,FWD,,53,0.7,1.0,0.8882812381938642,0.6835845708847046
362,Ryan Bertrand,Southampton,Aston Villa,DEF,,50,1.4,3.7,2.75783340319676,3.0877668857574463
363,Alex McCarthy,Southampton,Aston Villa,GK,,45,19.0,4.0,4.063084426037761,3.85817551612854
364,Oriol Romeu Vidal,Southampton,Aston Villa,MID,,45,4.5,3.3,2.8793042208111634,3.2140281200408936
365,Nathan Redmond,Southampton,Aston Villa,MID,100.0,64,0.2,2.0,2.378686132001347,2.312260627746582
366,Danny Ings,Southampton,Aston Villa,FWD,,85,18.5,6.8,3.7728124539217047,3.226518154144287
367,Jack Stephens,Southampton,Aston Villa,DEF,,48,0.2,0.5,0.2791502731316881,0.4963339567184448
368,Stuart Armstrong,Southampton,Aston Villa,MID,100.0,55,0.2,3.5,2.5217226446915313,2.276096820831299
369,Jannik Vestergaard,Southampton,Aston Villa,DEF,,45,2.3,5.4,2.9871062873467493,3.5355496406555176
370,James Ward-Prowse,Southampton,Aston Villa,MID,,58,1.9,3.8,3.252741005432861,3.0982139110565186
371,Angus Gunn,Southampton,Aston Villa,GK,0.0,44,0.2,0.0,0.19642949172721602,0.514367938041687
372,Sofiane Boufal,Southampton,Aston Villa,MID,0.0,54,0.0,0.0,0.19209658843939184,0.4857812821865082
374,Josh Sims,Southampton,Aston Villa,MID,0.0,44,0.1,0.0,0.23157687487832326,0.5100181102752686
375,Kyle Walker-Peters,Southampton,Aston Villa,DEF,,45,10.7,3.5,3.0148980750851493,3.655810594558716
376,Jan Bednarek,Southampton,Aston Villa,DEF,,45,2.1,3.7,2.7614513533894502,3.2746589183807373
377,Che Adams,Southampton,Aston Villa,FWD,,58,1.9,4.8,3.847225012248745,2.9721553325653076
378,Yan Valery,Southampton,Aston Villa,DEF,,48,0.1,0.0,0.18813744346240074,0.4657582938671112
379,William Smallbone,Southampton,Aston Villa,MID,0.0,45,0.4,1.5,0.31864632527898684,0.5296868085861206
380,Jake Vokins,Southampton,Aston Villa,DEF,,40,1.3,0.0,0.4396685329162769,0.5782736539840698
381,Michael Obafemi,Southampton,Aston Villa,FWD,,48,1.3,1.0,0.4026495391287763,0.6738287210464478
382,Moussa Djenepo,Southampton,Aston Villa,MID,0.0,55,0.1,3.5,0.6618002014964401,0.989425778388977
479,Mohammed Salisu,Southampton,Aston Villa,DEF,0.0,43,0.1,0.0,0.21899240070143525,0.478900283575058
523,Fraser Forster,Southampton,Aston Villa,GK,,40,3.2,0.0,0.2568576581613111,0.7666299343109131
524,Nathan Tella,Southampton,Aston Villa,MID,,44,0.4,1.0,0.7423489037989576,0.5722874402999878
565,Ibrahima Diallo,Southampton,Aston Villa,MID,,45,0.0,1.0,0.8812839642694844,0.7976478338241577
590,Daniel N'Lundulu,Southampton,Aston Villa,FWD,,45,0.0,1.0,0.5884045688126591,0.8589849472045898
383,Hugo Lloris,Spurs,Brighton,GK,,55,5.7,3.2,3.0764733582550403,2.9101970195770264
384,Danny Rose,Spurs,Brighton,DEF,0.0,48,0.2,0.0,0.2609010521040237,-0.0745013952255249
385,Moussa Sissoko,Spurs,Brighton,MID,100.0,48,0.4,2.0,2.1536567605835435,1.9475728273391724
386,Toby Alderweireld,Spurs,Brighton,DEF,,54,1.7,3.7,2.4500890899675523,2.0425827503204346
387,Erik Lamela,Spurs,Brighton,MID,100.0,59,0.2,1.5,1.784599680670077,1.5636879205703735
388,Harry Kane,Spurs,Brighton,FWD,,109,41.1,10.8,5.229334495390708,5.004134654998779
389,Serge Aurier,Spurs,Brighton,DEF,100.0,52,2.6,6.5,1.5900905604835847,1.9137544631958008
390,Heung-Min Son,Spurs,Brighton,MID,100.0,95,56.0,11.5,5.013407429023727,8.726311683654785
391,Eric Dier,Spurs,Brighton,DEF,100.0,49,1.1,2.6,2.0795226570368284,1.7970136404037476
392,Lucas Rodrigues Moura da Silva,Spurs,Brighton,MID,,69,1.6,2.7,1.4212091135117297,1.0935826301574707
393,Paulo Gazzaniga,Spurs,Brighton,GK,,44,0.3,0.0,0.2213979641149425,-0.06778982281684875
394,Bamidele Alli,Spurs,Brighton,MID,,75,0.6,1.0,0.7869537156295436,0.2021532952785492
395,Ben Davies,Spurs,Brighton,DEF,,48,1.2,3.0,1.9774776879051437,1.8117960691452026
396,Pierre-Emile Højbjerg,Spurs,Brighton,MID,,49,0.8,2.5,2.477601241239193,1.8983664512634277
397,Harry Winks,Spurs,Brighton,MID,,54,0.1,1.2,0.6449188085939911,-0.023815929889678955
398,Davinson Sánchez,Spurs,Brighton,DEF,,54,0.9,1.0,1.1804550916587224,0.9607853889465332
399,Ryan Sessegnon,Spurs,Brighton,DEF,0.0,48,0.1,0.0,0.1471422922130757,-0.09421837329864502
400,Steven Bergwijn,Spurs,Brighton,MID,100.0,71,0.4,1.5,0.966840880403287,0.2973807454109192
401,Gedson Carvalho Fernandes,Spurs,Brighton,MID,,48,0.1,0.0,0.153499463944983,-0.09260869026184082
402,Japhet Tanganga,Spurs,Brighton,DEF,0.0,49,0.0,0.0,0.14208931472585207,-0.11325177550315857
403,Giovani Lo Celso,Spurs,Brighton,MID,100.0,69,0.5,1.3,1.3154154061880465,0.6898713111877441
404,Oliver Skipp,Spurs,Brighton,MID,0.0,45,0.0,0.0,0.08003475927773954,-0.10040649771690369
405,Tanguy Ndombele,Spurs,Brighton,MID,,59,0.4,2.5,2.699697955306527,2.7291815280914307
406,Juan Foyth,Spurs,Brighton,DEF,0.0,43,0.1,0.0,0.13295519903536343,-0.10354995727539062
457,Matt Doherty,Spurs,Brighton,DEF,,58,9.0,2.5,3.0812322253591047,2.6734120845794678
482,Joe Hart,Spurs,Brighton,GK,100.0,44,0.7,0.0,0.20562343246182865,-0.010061189532279968
521,Cameron Carter-Vickers,Spurs,Brighton,DEF,0.0,40,0.3,0.0,0.2854601531309932,-0.06048846244812012
542,Sergio Reguilón,Spurs,Brighton,DEF,100.0,56,3.8,3.0,1.829945967497039,1.4385902881622314
543,Gareth Bale,Spurs,Brighton,MID,100.0,95,1.2,1.0,1.2722675022525904,0.4820224344730377
564,Carlos Vinicius Alves Morais,Spurs,Brighton,FWD,,70,0.0,0.0,0.21676427955024635,0.17034342885017395
584,Joe Rodon,Spurs,Brighton,DEF,,50,0.0,1.0,0.49187500472722084,0.3221411406993866
56,David Button,West Brom,Fulham,GK,,40,4.7,0.0,-0.046682919813898965,0.31446337699890137
358,Callum Robinson,West Brom,Fulham,FWD,100.0,55,0.8,3.7,1.6020902980067921,1.2973188161849976
407,Kieran Gibbs,West Brom,Fulham,DEF,100.0,44,0.3,-1.5,0.2553690864958295,-0.04652661085128784
408,Hal Robson-Kanu,West Brom,Fulham,FWD,0.0,53,0.1,1.0,0.5471110435192236,0.061920493841171265
409,Jake Livermore,West Brom,Fulham,MID,,48,0.1,1.5,1.6644059936658344,1.5426223278045654
410,Kamil Grosicki,West Brom,Fulham,MID,0.0,53,0.0,0.0,0.13464077376437178,-0.07198508083820343
411,Matt Phillips,West Brom,Fulham,MID,100.0,52,0.1,0.8,0.6711744417356085,0.028984636068344116
412,Kyle Bartley,West Brom,Fulham,DEF,,45,0.2,2.2,0.6287267212888393,0.25106847286224365
413,Romaine Sawyers,West Brom,Fulham,MID,,49,0.0,1.8,0.5111678121302585,0.3242809772491455
414,Ahmed El-Sayed Hegazy,West Brom,Fulham,DEF,0.0,43,0.4,6.0,1.0462212740856496,0.9741216897964478
415,Charlie Austin,West Brom,Fulham,FWD,,52,0.3,0.0,0.28332959703211186,-0.01254284381866455
416,Kenneth Zohore,West Brom,Fulham,FWD,0.0,49,0.0,0.0,0.1500442971778574,-0.07041272521018982
417,Sam Johnstone,West Brom,Fulham,GK,,45,0.9,3.7,4.682961387730547,2.7269480228424072
418,Conor Townsend,West Brom,Fulham,DEF,100.0,45,0.1,3.2,2.766745459034796,2.445345640182495
419,Oluwasemilogo Adesewo Ibidapo Ajayi,West Brom,Fulham,DEF,,48,0.2,0.8,1.856474033185034,1.4358798265457153
420,Jonathan Leko,West Brom,Fulham,MID,0.0,45,0.0,0.0,0.12346343908461152,-0.07419568300247192
421,Kyle Edwards,West Brom,Fulham,MID,,49,0.0,1.0,1.3150317955316346,0.7598726749420166
422,Darnell Furlong,West Brom,Fulham,DEF,,45,0.1,2.8,2.8363672997767724,2.518294095993042
423,Sam Field,West Brom,Fulham,MID,0.0,48,0.0,1.0,0.3352161683741956,0.20246484875679016
425,Dara O'Shea,West Brom,Fulham,DEF,,44,0.2,0.8,0.722983532929006,0.42845502495765686
426,Rekeem Harper,West Brom,Fulham,MID,,44,0.5,1.0,0.27530834482016325,-0.0006191730499267578
446,Grady Diangana,West Brom,Fulham,MID,,55,0.6,3.0,2.318444248372027,1.7474344968795776
481,Matheus Pereira,West Brom,Fulham,MID,,60,2.7,4.0,2.9518196019526663,2.395955801010132
499,Cedric Kipre,West Brom,Fulham,DEF,,44,0.1,0.0,0.12498401567679224,-0.08236080408096313
530,Branislav Ivanovic,West Brom,Fulham,DEF,100.0,45,0.1,4.0,2.870736264775386,2.8280746936798096
544,Conor Gallagher,West Brom,Fulham,MID,100.0,55,0.0,2.5,2.17916956640886,2.2840662002563477
555,Filip Krovinovic,West Brom,Fulham,MID,,50,0.0,2.0,2.3598478018112754,2.464266061782837
582,Karlan Grant,West Brom,Fulham,FWD,,60,0.0,5.5,3.8509372682707683,3.1442763805389404
427,Mark Noble,West Ham,Liverpool,MID,100.0,48,0.7,1.3,0.49156116717281084,0.522807240486145
428,Robert Snodgrass,West Ham,Liverpool,MID,100.0,58,0.1,1.0,0.3607194583774237,0.4343619644641876
429,David Martin,West Ham,Liverpool,GK,,40,7.4,0.0,0.10397789891280629,0.6146029233932495
430,Darren Randolph,West Ham,Liverpool,GK,,44,0.2,0.0,0.176358582155333,0.4068801999092102
431,Lukasz Fabianski,West Ham,Liverpool,GK,,50,1.5,4.0,2.9636872019049716,2.58396577835083
432,Angelo Ogbonna,West Ham,Liverpool,DEF,,49,0.4,2.7,1.6122934403918836,2.315739870071411
433,Roberto Jimenez Gago,West Ham,Liverpool,GK,0.0,45,0.0,0.0,0.05398201577543056,0.39789533615112305
434,Jack Wilshere,West Ham,Liverpool,MID,0.0,49,0.1,0.0,0.22759544618906905,0.4075932800769806
435,Aaron Cresswell,West Ham,Liverpool,DEF,,50,6.3,5.2,1.8295503251671095,2.109025239944458
436,Andriy Yarmolenko,West Ham,Liverpool,MID,,57,0.1,0.8,1.2389899972559066,1.0987623929977417
437,Michail Antonio,West Ham,Liverpool,FWD,75.0,63,3.9,4.5,3.5063941075221248,2.955812454223633
438,Ryan Fredericks,West Ham,Liverpool,DEF,100.0,44,0.3,1.3,0.28909150835820807,0.44257059693336487
439,Manuel Lanzini,West Ham,Liverpool,MID,100.0,64,0.1,5.0,0.793765340007301,0.6092696189880371
440,Felipe Anderson Pereira Gomes,West Ham,Liverpool,MID,0.0,62,0.2,1.0,0.30108512161662343,0.43864038586616516
441,Sébastien Haller,West Ham,Liverpool,FWD,100.0,61,0.2,1.8,1.0720132738551706,0.7646545171737671
442,Arthur Masuaku,West Ham,Liverpool,DEF,100.0,45,1.3,4.2,1.7324442959603543,2.6860666275024414
443,Fabián Balbuena,West Ham,Liverpool,DEF,,44,0.9,5.0,1.7483850091727677,2.2334144115448
444,Jordan Hugill,West Ham,Liverpool,FWD,0.0,55,0.0,0.0,0.11754399533953461,0.40066248178482056
445,Jarrod Bowen,West Ham,Liverpool,MID,,63,2.2,5.2,2.2424368510996677,2.2390024662017822
447,Albian Ajeti,West Ham,Liverpool,FWD,0.0,55,0.0,0.0,0.11754399533953461,0.4007173776626587
448,Declan Rice,West Ham,Liverpool,MID,,49,2.8,2.3,2.170534091077004,2.5713653564453125
449,Tomas Soucek,West Ham,Liverpool,MID,,49,2.8,2.7,2.3353129361384433,2.7272040843963623
450,Pablo Fornals,West Ham,Liverpool,MID,,64,0.4,4.8,2.7971750058471168,2.7916419506073
451,Issa Diop,West Ham,Liverpool,DEF,100.0,45,0.7,1.0,0.3280425450807871,0.47301509976387024
452,Ben Johnson,West Ham,Liverpool,DEF,,40,2.2,1.0,0.27587227184320756,0.5359524488449097
558,Vladimir Coufal,West Ham,Liverpool,DEF,,45,0.3,5.3,1.9453272450846926,2.6070315837860107
576,Craig Dawson,West Ham,Liverpool,DEF,,45,0.0,0.0,0.12818553037977545,0.38151687383651733
587,Saïd Benrahma,West Ham,Liverpool,MID,,60,0.1,0.0,0.5950992551037492,0.4055269658565521
453,John Ruddy,Wolves,Crystal Palace,GK,,44,0.3,0.0,0.2117730873678515,0.025069743394851685
454,João Filipe Iria Santos Moutinho,Wolves,Crystal Palace,MID,,54,1.7,1.8,1.4674064873629982,1.3416903018951416
455,Rui Pedro dos Santos Patrício,Wolves,Crystal Palace,GK,,55,7.6,4.0,3.488075879685489,3.755249261856079
456,Ryan Bennett,Wolves,Crystal Palace,DEF,0.0,44,0.2,0.0,0.2825303748002579,0.03234860301017761
458,Willy Boly,Wolves,Crystal Palace,DEF,,55,2.5,3.8,2.9984801834650594,3.3081352710723877
459,Conor Coady,Wolves,Crystal Palace,DEF,,50,8.8,3.7,3.3280406796823514,3.579242467880249
460,Raúl Jiménez,Wolves,Crystal Palace,FWD,,85,19.4,5.5,4.103983594945606,4.448326110839844
461,Romain Saïss,Wolves,Crystal Palace,DEF,,53,20.3,6.3,3.3590660417947893,3.134615421295166
462,Jonathan Castro Otto,Wolves,Crystal Palace,DEF,0.0,54,0.0,0.0,0.11922947390371745,0.002376839518547058
463,Léo Bonatini,Wolves,Crystal Palace,FWD,0.0,49,0.2,0.0,0.2598671529596908,0.06504059582948685
464,Leander Dendoncker,Wolves,Crystal Palace,MID,,49,1.2,3.0,3.0080967556192233,3.2033257484436035
465,Adama Traoré,Wolves,Crystal Palace,MID,,63,9.6,1.7,3.056146016986209,1.7330083847045898
466,Rúben Diogo da Silva Neves,Wolves,Crystal Palace,MID,,53,1.6,1.8,2.548867570228896,2.363546133041382
467,Oskar Buur,Wolves,Crystal Palace,DEF,,40,2.5,1.0,0.3924498506342639,0.2583349347114563
469,Daniel Castelo Podence,Wolves,Crystal Palace,MID,100.0,55,3.8,4.0,3.3541492535308883,3.3344972133636475
470,Max Kilman,Wolves,Crystal Palace,DEF,,42,9.6,7.7,3.027882054799453,2.3690412044525146
471,Rúben Gonçalo Silva Nascimento Vinagre,Wolves,Crystal Palace,DEF,0.0,42,1.8,0.5,0.7683956699260615,0.5573021173477173
472,Matija Sarkic,Wolves,Crystal Palace,GK,0.0,45,0.1,0.0,0.14259682823269582,0.015254810452461243
473,Morgan Gibbs-White,Wolves,Crystal Palace,MID,0.0,50,0.0,0.0,0.10251541392420573,0.011305153369903564
474,Pedro Lomba Neto,Wolves,Crystal Palace,MID,,55,1.5,3.8,3.8782532699573,3.2161121368408203
475,Bruno André Cavaco Jordao,Wolves,Crystal Palace,MID,0.0,44,0.3,0.0,0.26384631255271934,0.05821118503808975
476,Leonardo Campana,Wolves,Crystal Palace,FWD,,49,0.3,0.0,0.25371656736641357,0.05542100965976715
504,Fabio Silva,Wolves,Crystal Palace,FWD,,53,0.6,1.0,0.3591357661266634,0.14913783967494965
505,Fernando Marçal,Wolves,Crystal Palace,DEF,100.0,49,0.2,2.0,1.4973520719486648,0.7696282863616943
515,Vitor Ferreira,Wolves,Crystal Palace,MID,,49,0.0,1.0,0.16211492154972337,0.015349626541137695
545,Ki-Jana Hoever,Wolves,Crystal Palace,DEF,,45,0.0,1.0,0.3880771369846036,0.18791279196739197
546,Nélson Cabral Semedo,Wolves,Crystal Palace,DEF,,55,2.3,3.8,3.418137777901468,2.9656033515930176
553,Meritan Shabani,Wolves,Crystal Palace,MID,,45,0.0,0.0,0.12181230445046783,0.012830197811126709
563,Rayan Ait Nouri,Wolves,Crystal Palace,DEF,,50,0.0,0.0,0.15154336197558457,-0.06797565519809723
581,Owen Otasowie,Wolves,Crystal Palace,MID,,45,0.0,0.0,0.15196230558932053,-0.04887816309928894
